"Content-Type: text/plain; charset=utf-8
";OPUIC;Stop name;Station abbreviation;LOCALITYNAME;MUNICIPALITY NAME;BFS Nummer Gemeinde;DISTRICT NAME;BFS Nummer Bezirk;CANTON NAME;CANTON ABBREVIATION;CANTON NO.;COUNTRY_ISO2_GEO;OP_TYPE_DESIGNATION_DE;OP_OPERATING_POINT_TYPE_ID;OPOF_TYPE_DESIGNATION_DE;OPOF_OPERATING_POINT_TYPE_ID;OPTF_TYPE_DESIGNATION_DE;Osten LV 95 Format;N_LV95;Z_LV95;Osten LV 03 Format;N_LV03;Z_LV03;Osten WGS84 Format;N_WGS84;Z_WGS84;Verkehrsmitteltext;BO_IDENTIFICATION;tc-number;BO_ABBREVIATION_DE;BO_DESIGNATION_DE;lod;Geopos;IS_STOP;IS_BEDIENPUNKT;IS_VERKEHRSPUNKT;plz
74257;8574257;St. Gallen, Bleicheli;SGBL;St. Gallen;St. Gallen;3203;St. Gallen;1721;St. Gallen;SG;17;CH;;;;;;2745869.0;1254153.0;675.0;745869.0;254153.0;675.0;9.37192873312;47.42201165028;675.0;Bus;100602;801;PAG;PostAuto AG;http://lod.opentransportdata.swiss/didok/8574257;47.422011650271045,9.37192873311662;1;0;1;9000
89603;8589603;St. Gallen, Obere Leimat;;St. Gallen;St. Gallen;3203;St. Gallen;1721;St. Gallen;SG;17;CH;;;;;;2746343.0;1255627.0;720.0;746343.0;255627.0;720.0;9.378691473;47.43515965917;720.0;Bus;100684;885;VBSG;Verkehrsbetriebe der Stadt St.Gallen;http://lod.opentransportdata.swiss/didok/8589603;47.435159659158835,9.37869147299852;1;0;1;9010
87343;8587343;St. Gallen, Fürstenlandbrücke;SGFB;St. Gallen;St. Gallen;3203;St. Gallen;1721;St. Gallen;SG;17;CH;;;;;;2742610.0;1252505.0;638.0;742610.0;252505.0;638.0;9.3282258435;47.40790787406;638.0;Bus;100695;896;REGO;Regiobus Gossau SG;http://lod.opentransportdata.swiss/didok/8587343;47.40790787404669,9.328225843501064;1;0;1;9014
94350;8594350;St. Gallen, Lindenhof;;St. Gallen;St. Gallen;3203;St. Gallen;1721;St. Gallen;SG;17;CH;;;;;;2747445.0;1255409.0;661.0;747445.0;255409.0;661.0;9.39322263747;47.43295353945;661.0;Bus;100684;885;VBSG;Verkehrsbetriebe der Stadt St.Gallen;http://lod.opentransportdata.swiss/didok/8594350;47.43295353943996,9.393222637472578;1;0;1;9000
89553;8589553;St. Gallen, Am Weg;;St. Gallen;St. Gallen;3203;St. Gallen;1721;St. Gallen;SG;17;CH;;;;;;2748854.0;1255832.0;663.0;748854.0;255832.0;663.0;9.41203415601;47.43643959426;663.0;Bus;100684;885;VBSG;Verkehrsbetriebe der Stadt St.Gallen;http://lod.opentransportdata.swiss/didok/8589553;47.4364395942486,9.41203415601099;1;0;1;9016
89550;8589550;St. Gallen, Aetschberg;SGAL;St. Gallen;St. Gallen;3203;St. Gallen;1721;St. Gallen;SG;17;CH;;;;;;2742856.0;1251994.0;683.0;742856.0;251994.0;683.0;9.33132078045;47.40325986138;683.0;Bus;100684;885;VBSG;Verkehrsbetriebe der Stadt St.Gallen;http://lod.opentransportdata.swiss/didok/8589550;47.403259861363715,9.331320780451255;1;0;1;9014
89623;8589623;St. Gallen, Schoren;;St. Gallen;St. Gallen;3203;St. Gallen;1721;St. Gallen;SG;17;CH;;;;;;2744990.0;1254554.0;691.0;744990.0;254554.0;691.0;9.36041359111;47.42581143562;691.0;Bus;100684;885;VBSG;Verkehrsbetriebe der Stadt St.Gallen;http://lod.opentransportdata.swiss/didok/8589623;47.42581143560274,9.360413591114671;1;0;1;9000
89647;8589647;St. Gallen, Winkelriedstrasse;;St. Gallen;St. Gallen;3203;St. Gallen;1721;St. Gallen;SG;17;CH;;;;;;2745714.0;1254590.0;700.0;745714.0;254590.0;700.0;9.37001781224;47.42597521777;700.0;Bus;100684;885;VBSG;Verkehrsbetriebe der Stadt St.Gallen;http://lod.opentransportdata.swiss/didok/8589647;47.42597521775353,9.370017812244216;1;0;1;9000
89641;8589641;St. Gallen, Waldacker;;St. Gallen;St. Gallen;3203;St. Gallen;1721;St. Gallen;SG;17;CH;;;;;;2744129.0;1253200.0;661.0;744129.0;253200.0;661.0;9.34856902453;47.4138261426;661.0;Bus;100684;885;VBSG;Verkehrsbetriebe der Stadt St.Gallen;http://lod.opentransportdata.swiss/didok/8589641;47.41382614258901,9.348569024526343;1;0;1;9000
89582;8589582;St. Gallen, Haggen;SGHG;St. Gallen;St. Gallen;3203;St. Gallen;1721;St. Gallen;SG;17;CH;;;;;;2743309.0;1252355.0;672.0;743309.0;252355.0;672.0;9.33743596841;47.40640735334;672.0;Bus;100684;885;VBSG;Verkehrsbetriebe der Stadt St.Gallen;http://lod.opentransportdata.swiss/didok/8589582;47.40640735333082,9.33743596840856;1;0;1;9014
89577;8589577;St. Gallen, Goethestrasse;;St. Gallen;St. Gallen;3203;St. Gallen;1721;St. Gallen;SG;17;CH;;;;;;2746841.0;1256114.0;712.0;746841.0;256114.0;712.0;9.38545093111;47.43942747032;712.0;Bus;100684;885;VBSG;Verkehrsbetriebe der Stadt St.Gallen;http://lod.opentransportdata.swiss/didok/8589577;47.43942747031085,9.385450931105154;1;0;1;9008
89626;8589626;St. Gallen, Sonne;;St. Gallen;St. Gallen;3203;St. Gallen;1721;St. Gallen;SG;17;CH;;;;;;2746427.0;1256117.0;741.0;746427.0;256117.0;741.0;9.37996532887;47.43954671325;741.0;Bus;100684;885;VBSG;Verkehrsbetriebe der Stadt St.Gallen;http://lod.opentransportdata.swiss/didok/8589626;47.43954671323303,9.379965328873505;1;0;1;9010
89616;8589616;St. Gallen, Ruhsitz;SGRS;St. Gallen;St. Gallen;3203;St. Gallen;1721;St. Gallen;SG;17;CH;;;;;;2744589.0;1253212.0;679.0;744589.0;253212.0;679.0;9.35466623163;47.41383315824;679.0;Bus;100684;885;VBSG;Verkehrsbetriebe der Stadt St.Gallen;http://lod.opentransportdata.swiss/didok/8589616;47.41383315822365,9.35466623162781;1;0;1;9000
89907;8589907;St. Gallen, Oberhofstetten;;St. Gallen;St. Gallen;3203;St. Gallen;1721;St. Gallen;SG;17;CH;;;;;;2744973.0;1252526.0;826.0;744973.0;252526.0;826.0;9.35953026953;47.40758056606;826.0;Bus;100684;885;VBSG;Verkehrsbetriebe der Stadt St.Gallen;http://lod.opentransportdata.swiss/didok/8589907;47.40758056604604,9.359530269535103;1;0;1;9012
89569;8589569;St. Gallen, Dietlistrasse;;St. Gallen;St. Gallen;3203;St. Gallen;1721;St. Gallen;SG;17;CH;;;;;;2744833.0;1254263.0;693.0;744833.0;254263.0;693.0;9.35823908147;47.42322950652;693.0;Bus;100684;885;VBSG;Verkehrsbetriebe der Stadt St.Gallen;http://lod.opentransportdata.swiss/didok/8589569;47.423229506503326,9.35823908147429;1;0;1;9000
94267;8594267;St. Gallen, Haselstrasse;;St. Gallen;St. Gallen;3203;St. Gallen;1721;St. Gallen;SG;17;CH;;;;;;2743601.0;1252337.0;704.0;743601.0;252337.0;704.0;9.34129759816;47.40618187808;704.0;Bus;100684;885;VBSG;Verkehrsbetriebe der Stadt St.Gallen;http://lod.opentransportdata.swiss/didok/8594267;47.40618187807127,9.341297598164632;1;0;1;9014
89642;8589642;St. Gallen, Waldau;;St. Gallen;St. Gallen;3203;St. Gallen;1721;St. Gallen;SG;17;CH;;;;;;2744281.0;1253627.0;661.0;744281.0;253627.0;661.0;9.35072036741;47.41763219512;661.0;Bus;100684;885;VBSG;Verkehrsbetriebe der Stadt St.Gallen;http://lod.opentransportdata.swiss/didok/8589642;47.41763219510954,9.350720367408513;1;0;1;9000
89593;8589593;St. Gallen, Kräzern;;St. Gallen;St. Gallen;3203;St. Gallen;1721;St. Gallen;SG;17;CH;;;;;;2741692.0;1252237.0;624.0;741692.0;252237.0;624.0;9.31598192939;47.40569635444;624.0;Bus;100684;885;VBSG;Verkehrsbetriebe der Stadt St.Gallen;http://lod.opentransportdata.swiss/didok/8589593;47.40569635442545,9.315981929386295;1;0;1;9015
80242;8580242;St. Gallen, Hochwacht;;St. Gallen;St. Gallen;3203;St. Gallen;1721;St. Gallen;SG;17;CH;;;;;;2745269.0;1253218.0;742.0;745269.0;253218.0;742.0;9.36367568031;47.41373738823;742.0;Bus;100602;801;PAG;PostAuto AG;http://lod.opentransportdata.swiss/didok/8580242;47.41373738821781,9.363675680308907;1;0;1;9000
6654;8506654;St. Gallen, Neudorf;;St. Gallen;St. Gallen;3203;St. Gallen;1721;St. Gallen;SG;17;CH;;;;;;2748429.0;1255853.0;665.0;748429.0;255853.0;665.0;9.40640913698;47.43672442267;665.0;Bus;100602;801;PAG;PostAuto AG;http://lod.opentransportdata.swiss/didok/8506654;47.436724422656255,9.406409136984953;1;0;1;9016
89572;8589572;St. Gallen, Friedberg;SGFT;St. Gallen;St. Gallen;3203;St. Gallen;1721;St. Gallen;SG;17;CH;;;;;;2744762.0;1253262.0;678.0;744762.0;253262.0;678.0;9.35697404957;47.41424470685;678.0;Bus;100684;885;VBSG;Verkehrsbetriebe der Stadt St.Gallen;http://lod.opentransportdata.swiss/didok/8589572;47.414244706834126,9.356974049565801;1;0;1;9000
94352;8594352;St. Gallen, Bruggwaldpark;;St. Gallen;St. Gallen;3203;St. Gallen;1721;St. Gallen;SG;17;CH;;;;;;2747547.0;1256665.0;679.0;747547.0;256665.0;679.0;9.39498938587;47.44422370298;679.0;Bus;100684;885;VBSG;Verkehrsbetriebe der Stadt St.Gallen;http://lod.opentransportdata.swiss/didok/8594352;47.444223702972415,9.394989385868582;1;0;1;9008
2517;8502517;St. Gallen, Uni/Curtistrasse;;St. Gallen;St. Gallen;3203;St. Gallen;1721;St. Gallen;SG;17;CH;;;;;;2746240.0;1255254.0;718.0;746240.0;255254.0;718.0;9.37720438749;47.4318287938;718.0;Bus;100684;885;VBSG;Verkehrsbetriebe der Stadt St.Gallen;http://lod.opentransportdata.swiss/didok/8502517;47.431828793784945,9.377204387487907;1;0;1;9000
94346;8594346;St. Gallen, Stiftsbezirk;;St. Gallen;St. Gallen;3203;St. Gallen;1721;St. Gallen;SG;17;CH;;;;;;2746256.0;1254183.0;679.0;746256.0;254183.0;679.0;9.37706564827;47.42219550395;679.0;Bus;100684;885;VBSG;Verkehrsbetriebe der Stadt St.Gallen;http://lod.opentransportdata.swiss/didok/8594346;47.42219550394117,9.3770656482747;1;0;1;9000
89627;8589627;St. Gallen, Sonnenhalde;;St. Gallen;St. Gallen;3203;St. Gallen;1721;St. Gallen;SG;17;CH;;;;;;2746569.0;1256108.0;728.0;746569.0;256108.0;728.0;9.3818442494;47.43943417306;728.0;Bus;100684;885;VBSG;Verkehrsbetriebe der Stadt St.Gallen;http://lod.opentransportdata.swiss/didok/8589627;47.439434173050984,9.381844249401604;1;0;1;9010
95872;8595872;St. Gallen, Schuppis Nord;;St. Gallen;St. Gallen;3203;St. Gallen;1721;St. Gallen;SG;17;CH;;;;;;2749391.0;1256453.0;651.0;749391.0;256453.0;651.0;9.41935815829;47.44190141707;651.0;Bus;100684;885;VBSG;Verkehrsbetriebe der Stadt St.Gallen;http://lod.opentransportdata.swiss/didok/8595872;47.44190141705834,9.419358158285977;1;0;1;9016
89900;8589900;St. Gallen, Rickenweg;;St. Gallen;St. Gallen;3203;St. Gallen;1721;St. Gallen;SG;17;CH;;;;;;2742834.0;1252356.0;669.0;742834.0;252356.0;669.0;9.33114509954;47.40651957284;669.0;Bus;100684;885;VBSG;Verkehrsbetriebe der Stadt St.Gallen;http://lod.opentransportdata.swiss/didok/8589900;47.40651957282703,9.331145099537878;1;0;1;9014
89906;8589906;St. Gallen, Oberhofstettenweg;;St. Gallen;St. Gallen;3203;St. Gallen;1721;St. Gallen;SG;17;CH;;;;;;2745235.0;1252670.0;820.0;745235.0;252670.0;820.0;9.36304719583;47.40881758516;820.0;Bus;100684;885;VBSG;Verkehrsbetriebe der Stadt St.Gallen;http://lod.opentransportdata.swiss/didok/8589906;47.408817585145435,9.36304719583167;1;0;1;9012
89563;8589563;St. Gallen, Naturmuseum;;St. Gallen;St. Gallen;3203;St. Gallen;1721;St. Gallen;SG;17;CH;;;;;;2748669.0;1256181.0;656.0;748669.0;256181.0;656.0;9.40969881327;47.43961935827;656.0;Bus;100684;885;VBSG;Verkehrsbetriebe der Stadt St.Gallen;http://lod.opentransportdata.swiss/didok/8589563;47.43961935826054,9.409698813265647;1;0;1;9016
89608;8589608;St. Gallen, Post St. Georgen;SGPG;St. Gallen;St. Gallen;3203;St. Gallen;1721;St. Gallen;SG;17;CH;;;;;;2746582.0;1253754.0;753.0;746582.0;253754.0;753.0;9.38124382899;47.41826568578;753.0;Bus;100684;885;VBSG;Verkehrsbetriebe der Stadt St.Gallen;http://lod.opentransportdata.swiss/didok/8589608;47.41826568576469,9.381243828987104;1;0;1;9000
89591;8589591;St. Gallen, Kirche St. Georgen;SGKG;St. Gallen;St. Gallen;3203;St. Gallen;1721;St. Gallen;SG;17;CH;;;;;;2746648.0;1253549.0;757.0;746648.0;253549.0;757.0;9.38205086117;47.41640775465;757.0;Bus;100684;885;VBSG;Verkehrsbetriebe der Stadt St.Gallen;http://lod.opentransportdata.swiss/didok/8589591;47.416407754641256,9.382050861170587;1;0;1;9000
89899;8589899;St. Gallen, Walserstrasse;;St. Gallen;St. Gallen;3203;St. Gallen;1721;St. Gallen;SG;17;CH;;;;;;2743102.0;1252405.0;662.0;743102.0;252405.0;662.0;9.33471034713;47.40690195747;662.0;Bus;100684;885;VBSG;Verkehrsbetriebe der Stadt St.Gallen;http://lod.opentransportdata.swiss/didok/8589899;47.4069019574571,9.334710347126885;1;0;1;9014
89640;8589640;St. Gallen, Vonwil;;St. Gallen;St. Gallen;3203;St. Gallen;1721;St. Gallen;SG;17;CH;;;;;;2744790.0;1253589.0;685.0;744790.0;253589.0;685.0;9.35745092325;47.41717874839;685.0;Bus;100684;885;VBSG;Verkehrsbetriebe der Stadt St.Gallen;http://lod.opentransportdata.swiss/didok/8589640;47.417178748380145,9.357450923245365;1;0;1;9000
89895;8589895;St. Gallen, Stahl KV-Schule;;St. Gallen;St. Gallen;3203;St. Gallen;1721;St. Gallen;SG;17;CH;;;;;;2744833.0;1254010.0;675.0;744833.0;254010.0;675.0;9.35815704595;47.42095467814;675.0;Bus;100684;885;VBSG;Verkehrsbetriebe der Stadt St.Gallen;http://lod.opentransportdata.swiss/didok/8589895;47.420954678130656,9.358157045947088;1;0;1;9000
89611;8589611;St. Gallen, Rosenbergstrasse;;St. Gallen;St. Gallen;3203;St. Gallen;1721;St. Gallen;SG;17;CH;;;;;;2745276.0;1254072.0;676.0;745276.0;254072.0;676.0;9.36404611477;47.42141451041;676.0;Bus;100684;885;VBSG;Verkehrsbetriebe der Stadt St.Gallen;http://lod.opentransportdata.swiss/didok/8589611;47.42141451039441,9.364046114769172;1;0;1;9000
89575;8589575;St. Gallen, Uni/Gatterstrasse;;St. Gallen;St. Gallen;3203;St. Gallen;1721;St. Gallen;SG;17;CH;;;;;;2745963.0;1255220.0;740.0;745963.0;255220.0;740.0;9.37352281272;47.43158459064;740.0;Bus;100684;885;VBSG;Verkehrsbetriebe der Stadt St.Gallen;http://lod.opentransportdata.swiss/didok/8589575;47.43158459062811,9.373522812721978;1;0;1;9000
89576;8589576;St. Gallen, Geltenwilenstrasse;SGGS;St. Gallen;St. Gallen;3203;St. Gallen;1721;St. Gallen;SG;17;CH;;;;;;2745445.0;1253695.0;686.0;745445.0;253695.0;686.0;9.36616231173;47.41798742674;686.0;Bus;100684;885;VBSG;Verkehrsbetriebe der Stadt St.Gallen;http://lod.opentransportdata.swiss/didok/8589576;47.41798742672502,9.366162311726162;1;0;1;9000
89633;8589633;St. Gallen, Storchenstrasse;;St. Gallen;St. Gallen;3203;St. Gallen;1721;St. Gallen;SG;17;CH;;;;;;2747290.0;1256168.0;667.0;747290.0;256168.0;667.0;9.3914191561;47.43981263502;667.0;Bus;100684;885;VBSG;Verkehrsbetriebe der Stadt St.Gallen;http://lod.opentransportdata.swiss/didok/8589633;47.43981263500505,9.391419156100529;1;0;1;9008
89619;8589619;St. Gallen, Scheidweg;;St. Gallen;St. Gallen;3203;St. Gallen;1721;St. Gallen;SG;17;CH;;;;;;2741387.0;1252130.0;638.0;741387.0;252130.0;638.0;9.31190850656;47.4047998262;638.0;Bus;100684;885;VBSG;Verkehrsbetriebe der Stadt St.Gallen;http://lod.opentransportdata.swiss/didok/8589619;47.40479982618532,9.311908506557145;1;0;1;9015
94351;8594351;St. Gallen, Lindentalstrasse;;St. Gallen;St. Gallen;3203;St. Gallen;1721;St. Gallen;SG;17;CH;;;;;;2747479.0;1255553.0;651.0;747479.0;255553.0;651.0;9.393720736;47.43424066448;651.0;Bus;100684;885;VBSG;Verkehrsbetriebe der Stadt St.Gallen;http://lod.opentransportdata.swiss/didok/8594351;47.43424066447041,9.39372073599908;1;0;1;9000
89568;8589568;St. Gallen, Dierauerstrasse;;St. Gallen;St. Gallen;3203;St. Gallen;1721;St. Gallen;SG;17;CH;;;;;;2746249.0;1255150.0;702.0;746249.0;255150.0;702.0;9.37728958035;47.4308916947;702.0;Bus;100684;885;VBSG;Verkehrsbetriebe der Stadt St.Gallen;http://lod.opentransportdata.swiss/didok/8589568;47.430891694691795,9.377289580352805;1;0;1;9000
89610;8589610;St. Gallen, Riederenholz;;St. Gallen;St. Gallen;3203;St. Gallen;1721;St. Gallen;SG;17;CH;;;;;;2749252.0;1256963.0;648.0;749252.0;256963.0;648.0;9.41768653767;47.44651846799;648.0;Bus;100684;885;VBSG;Verkehrsbetriebe der Stadt St.Gallen;http://lod.opentransportdata.swiss/didok/8589610;47.44651846797767,9.417686537675019;1;0;1;9016
89557;8589557;St. Gallen St. Fiden, Bahnhof;;St. Gallen;St. Gallen;3203;St. Gallen;1721;St. Gallen;SG;17;CH;;;;;;2747594.0;1255683.0;646.0;747594.0;255683.0;646.0;9.39528760884;47.43538374449;646.0;Bus;100684;885;VBSG;Verkehrsbetriebe der Stadt St.Gallen;http://lod.opentransportdata.swiss/didok/8589557;47.43538374447318,9.395287608844766;1;0;1;9008
89649;8589649;St. Gallen, Zil;;St. Gallen;St. Gallen;3203;St. Gallen;1721;St. Gallen;SG;17;CH;;;;;;2748927.0;1256496.0;655.0;748927.0;256496.0;655.0;9.41322306831;47.44239323742;655.0;Bus;100684;885;VBSG;Verkehrsbetriebe der Stadt St.Gallen;http://lod.opentransportdata.swiss/didok/8589649;47.4423932374118,9.413223068309174;1;0;1;9016
89646;8589646;St. Gallen, Winkeln;;St. Gallen;St. Gallen;3203;St. Gallen;1721;St. Gallen;SG;17;CH;;;;;;2740556.0;1251653.0;663.0;740556.0;251653.0;663.0;9.3007524781;47.40068875567;663.0;Bus;100684;885;VBSG;Verkehrsbetriebe der Stadt St.Gallen;http://lod.opentransportdata.swiss/didok/8589646;47.40068875565331,9.300752478095928;1;0;1;9015
82227;8582227;St. Gallen, Arena;SGAA;St. Gallen;St. Gallen;3203;St. Gallen;1721;St. Gallen;SG;17;CH;;;;;;2740870.0;1252420.0;652.0;740870.0;252420.0;652.0;9.30515260063;47.40751821895;652.0;Bus;100695;896;REGO;Regiobus Gossau SG;http://lod.opentransportdata.swiss/didok/8582227;47.40751821894064,9.305152600627956;1;0;1;9015
89615;8589615;St. Gallen, Ruhbergstrasse;;St. Gallen;St. Gallen;3203;St. Gallen;1721;St. Gallen;SG;17;CH;;;;;;2745389.0;1253431.0;725.0;745389.0;253431.0;725.0;9.36533454639;47.41562606638;725.0;Bus;100684;885;VBSG;Verkehrsbetriebe der Stadt St.Gallen;http://lod.opentransportdata.swiss/didok/8589615;47.415626066371125,9.365334546392242;1;0;1;9000
95352;8595352;St. Gallen, Union;;St. Gallen;St. Gallen;3203;St. Gallen;1721;St. Gallen;SG;17;CH;;;;;;2746045.0;1254566.0;673.0;746045.0;254566.0;673.0;9.3743954815;47.42568605268;673.0;Bus;100684;885;VBSG;Verkehrsbetriebe der Stadt St.Gallen;http://lod.opentransportdata.swiss/didok/8595352;47.425686052671516,9.374395481501388;1;0;1;9000
87342;8587342;St. Gallen, Breitfeld;;St. Gallen;St. Gallen;3203;St. Gallen;1721;St. Gallen;SG;17;CH;;;;;;2740726.0;1252710.0;649.0;740726.0;252710.0;649.0;9.30333664086;47.41015658269;649.0;Bus;100695;896;REGO;Regiobus Gossau SG;http://lod.opentransportdata.swiss/didok/8587342;47.41015658268227,9.30333664086159;1;0;1;9015
95350;8595350;St. Gallen, Brühltor;;St. Gallen;St. Gallen;3203;St. Gallen;1721;St. Gallen;SG;17;CH;;;;;;2746310.0;1254689.0;669.0;746310.0;254689.0;669.0;9.37794681835;47.42673312654;669.0;Bus;100684;885;VBSG;Verkehrsbetriebe der Stadt St.Gallen;http://lod.opentransportdata.swiss/didok/8595350;47.426733126522905,9.377946818347597;1;0;1;9000
89596;8589596;St. Gallen, Lerchenfeld;;St. Gallen;St. Gallen;3203;St. Gallen;1721;St. Gallen;SG;17;CH;;;;;;2743622.0;1253335.0;633.0;743622.0;253335.0;633.0;9.34189649053;47.41515080992;633.0;Bus;100684;885;VBSG;Verkehrsbetriebe der Stadt St.Gallen;http://lod.opentransportdata.swiss/didok/8589596;47.415150809911054,9.341896490527734;1;0;1;9014
80689;8580689;St. Gallen, Neudorf/R'str.;;St. Gallen;St. Gallen;3203;St. Gallen;1721;St. Gallen;SG;17;CH;;;;;;2748391.0;1255928.0;659.0;748391.0;255928.0;659.0;9.40593049756;47.43740733668;659.0;Bus;100602;801;PAG;PostAuto AG;http://lod.opentransportdata.swiss/didok/8580689;47.43740733667179,9.40593049756397;1;0;1;9016
89618;8589618;St. Gallen, Schachenbüel;;St. Gallen;St. Gallen;3203;St. Gallen;1721;St. Gallen;SG;17;CH;;;;;;2749347.0;1255823.0;687.0;749347.0;255823.0;687.0;9.418564241;47.43624695519;687.0;Bus;100684;885;VBSG;Verkehrsbetriebe der Stadt St.Gallen;http://lod.opentransportdata.swiss/didok/8589618;47.43624695518038,9.418564241002136;1;0;1;9016
89625;8589625;St. Gallen, Singenberg;;St. Gallen;St. Gallen;3203;St. Gallen;1721;St. Gallen;SG;17;CH;;;;;;2746826.0;1254808.0;659.0;746826.0;254808.0;659.0;9.38482265525;47.42768817153;659.0;Bus;100684;885;VBSG;Verkehrsbetriebe der Stadt St.Gallen;http://lod.opentransportdata.swiss/didok/8589625;47.42768817151457,9.384822655252115;1;0;1;9000
89605;8589605;St. Gallen, Olma Messen;;St. Gallen;St. Gallen;3203;St. Gallen;1721;St. Gallen;SG;17;CH;;;;;;2746597.0;1255256.0;664.0;746597.0;255256.0;664.0;9.38193555239;47.43176733946;664.0;Bus;100684;885;VBSG;Verkehrsbetriebe der Stadt St.Gallen;http://lod.opentransportdata.swiss/didok/8589605;47.43176733944953,9.381935552389907;1;0;1;9000
88501;8588501;St. Gallen Bruggen, Erlachstr.;;St. Gallen;St. Gallen;3203;St. Gallen;1721;St. Gallen;SG;17;CH;;;;;;2743190.0;1252975.0;638.0;743190.0;252975.0;638.0;9.33605852035;47.41200798682;638.0;Bus;100695;896;REGO;Regiobus Gossau SG;http://lod.opentransportdata.swiss/didok/8588501;47.41200798680576,9.33605852035259;1;0;1;9014
89581;8589581;St. Gallen, Hagenbuch;;St. Gallen;St. Gallen;3203;St. Gallen;1721;St. Gallen;SG;17;CH;;;;;;2747865.0;1255117.0;691.0;747865.0;255117.0;691.0;9.39869133042;47.430233841;691.0;Bus;100684;885;VBSG;Verkehrsbetriebe der Stadt St.Gallen;http://lod.opentransportdata.swiss/didok/8589581;47.4302338409912,9.398691330422931;1;0;1;9000
89560;8589560;St. Gallen, Blumenberg;;St. Gallen;St. Gallen;3203;St. Gallen;1721;St. Gallen;SG;17;CH;;;;;;2745998.0;1254647.0;674.0;745998.0;254647.0;674.0;9.37379924741;47.42642478144;674.0;Bus;100684;885;VBSG;Verkehrsbetriebe der Stadt St.Gallen;http://lod.opentransportdata.swiss/didok/8589560;47.426424781429894,9.373799247409272;1;0;1;9000
89903;8589903;St. Gallen, Solitüdenstrasse;;St. Gallen;St. Gallen;3203;St. Gallen;1721;St. Gallen;SG;17;CH;;;;;;2745273.0;1253093.0;750.0;745273.0;253093.0;750.0;9.3636880246;47.41261257712;750.0;Bus;100684;885;VBSG;Verkehrsbetriebe der Stadt St.Gallen;http://lod.opentransportdata.swiss/didok/8589903;47.41261257710788,9.363688024602531;1;0;1;9012
94989;8594989;St. Gallen Haggen, Bahnhof;SHBF;St. Gallen;St. Gallen;3203;St. Gallen;1721;St. Gallen;SG;17;CH;;;;;;2743360.0;1252485.0;670.0;743360.0;252485.0;670.0;9.33815314195;47.40756514669;670.0;Bus;100684;885;VBSG;Verkehrsbetriebe der Stadt St.Gallen;http://lod.opentransportdata.swiss/didok/8594989;47.407565146677555,9.338153141949487;1;0;1;9014
74223;8574223;St. Gallen, St.Leonhard;SGSL;St. Gallen;St. Gallen;3203;St. Gallen;1721;St. Gallen;SG;17;CH;;;;;;2745503.0;1254013.0;670.0;745503.0;254013.0;670.0;9.36703423598;47.42083387259;670.0;Bus;100684;885;VBSG;Verkehrsbetriebe der Stadt St.Gallen;http://lod.opentransportdata.swiss/didok/8574223;47.42083387257708,9.367034235980844;1;0;1;9000
89573;8589573;St. Gallen, Friedhof Bruggen;SGFH;St. Gallen;St. Gallen;3203;St. Gallen;1721;St. Gallen;SG;17;CH;;;;;;2743161.0;1252782.0;635.0;743161.0;252782.0;635.0;9.33561255462;47.41027893268;635.0;Bus;100684;885;VBSG;Verkehrsbetriebe der Stadt St.Gallen;http://lod.opentransportdata.swiss/didok/8589573;47.410278932665044,9.335612554622278;1;0;1;9014
89558;8589558;St. Gallen Winkeln, Bahnhof;;St. Gallen;St. Gallen;3203;St. Gallen;1721;St. Gallen;SG;17;CH;;;;;;2740620.0;1251875.0;656.0;740620.0;251875.0;656.0;9.30166988497;47.40267123249;656.0;Bus;100684;885;VBSG;Verkehrsbetriebe der Stadt St.Gallen;http://lod.opentransportdata.swiss/didok/8589558;47.40267123247963,9.301669884966811;1;0;1;9015
89612;8589612;St. Gallen, Röteli;;St. Gallen;St. Gallen;3203;St. Gallen;1721;St. Gallen;SG;17;CH;;;;;;2745055.0;1254272.0;722.0;745055.0;254272.0;722.0;9.36118320895;47.4232615368;722.0;Bus;100684;885;VBSG;Verkehrsbetriebe der Stadt St.Gallen;http://lod.opentransportdata.swiss/didok/8589612;47.42326153678907,9.361183208949203;1;0;1;9000
95871;8595871;St. Gallen, Schuppisstrasse;;St. Gallen;St. Gallen;3203;St. Gallen;1721;St. Gallen;SG;17;CH;;;;;;2749310.0;1256304.0;651.0;749310.0;256304.0;651.0;9.41823481569;47.44058011808;651.0;Bus;100684;885;VBSG;Verkehrsbetriebe der Stadt St.Gallen;http://lod.opentransportdata.swiss/didok/8595871;47.44058011807005,9.418234815693175;1;0;1;9016
2515;8502515;St. Gallen, Kolosseumstrasse;;St. Gallen;St. Gallen;3203;St. Gallen;1721;St. Gallen;SG;17;CH;;;;;;2747537.0;1256112.0;654.0;747537.0;256112.0;654.0;9.39467405324;47.43925378194;654.0;Bus;100684;885;VBSG;Verkehrsbetriebe der Stadt St.Gallen;http://lod.opentransportdata.swiss/didok/8502515;47.439253781927654,9.394674053237727;1;0;1;9008
74225;8574225;St. Gallen, Sömmerli;;St. Gallen;St. Gallen;3203;St. Gallen;1721;St. Gallen;SG;17;CH;;;;;;2744111.0;1254148.0;665.0;744111.0;254148.0;665.0;9.34863640069;47.42235398339;665.0;Bus;100602;801;PAG;PostAuto AG;http://lod.opentransportdata.swiss/didok/8574225;47.42235398338096,9.348636400687765;1;0;1;9000
89602;8589602;St. Gallen, Nussbaumstrasse;;St. Gallen;St. Gallen;3203;St. Gallen;1721;St. Gallen;SG;17;CH;;;;;;2745269.0;1254385.0;731.0;745269.0;254385.0;731.0;9.36405517635;47.42423036305;731.0;Bus;100684;885;VBSG;Verkehrsbetriebe der Stadt St.Gallen;http://lod.opentransportdata.swiss/didok/8589602;47.42423036304176,9.36405517635055;1;0;1;9000
74470;8574470;St. Gallen, Achslen;;St. Gallen;St. Gallen;3203;St. Gallen;1721;St. Gallen;SG;17;CH;;;;;;2748925.0;1255508.0;694.0;748925.0;255508.0;694.0;9.41286695053;47.43351037186;694.0;Bus;100602;801;PAG;PostAuto AG;http://lod.opentransportdata.swiss/didok/8574470;47.43351037184909,9.412866950530603;1;0;1;9016
74467;8574467;St. Gallen, Kantonsspital;;St. Gallen;St. Gallen;3203;St. Gallen;1721;St. Gallen;SG;17;CH;;;;;;2747082.0;1254995.0;663.0;747082.0;254995.0;663.0;9.38827616135;47.42931237971;663.0;Bus;100602;801;PAG;PostAuto AG;http://lod.opentransportdata.swiss/didok/8574467;47.429312379700086,9.38827616134806;1;0;1;9000
74472;8574472;St. Gallen, Grütli;;St. Gallen;St. Gallen;3203;St. Gallen;1721;St. Gallen;SG;17;CH;;;;;;2748415.0;1255401.0;679.0;748415.0;255401.0;679.0;9.4060733524;47.4326635392;679.0;Bus;100602;801;PAG;PostAuto AG;http://lod.opentransportdata.swiss/didok/8574472;47.432663539182776,9.406073352404569;1;0;1;9000
94355;8594355;St. Gallen, Wendeplatz Stocken;;St. Gallen;St. Gallen;3203;St. Gallen;1721;St. Gallen;SG;17;CH;;;;;;2742473.0;1252444.0;633.0;742473.0;252444.0;633.0;9.32639183217;47.40738905327;633.0;Bus;100684;885;VBSG;Verkehrsbetriebe der Stadt St.Gallen;http://lod.opentransportdata.swiss/didok/8594355;47.40738905326125,9.326391832165246;1;0;1;9014
89645;8589645;St. Gallen, Wilen;;St. Gallen;St. Gallen;3203;St. Gallen;1721;St. Gallen;SG;17;CH;;;;;;2749414.0;1256022.0;666.0;749414.0;256022.0;666.0;9.41951870779;47.43802099201;666.0;Bus;100684;885;VBSG;Verkehrsbetriebe der Stadt St.Gallen;http://lod.opentransportdata.swiss/didok/8589645;47.438020991998314,9.41951870778792;1;0;1;9016
89584;8589584;St. Gallen, Harzbüchelstrasse;;St. Gallen;St. Gallen;3203;St. Gallen;1721;St. Gallen;SG;17;CH;;;;;;2748018.0;1255958.0;648.0;748018.0;255958.0;648.0;9.40099743706;47.43776109288;648.0;Bus;100684;885;VBSG;Verkehrsbetriebe der Stadt St.Gallen;http://lod.opentransportdata.swiss/didok/8589584;47.43776109287157,9.400997437059633;1;0;1;9016
89574;8589574;St. Gallen, Gallusmarkt;;St. Gallen;St. Gallen;3203;St. Gallen;1721;St. Gallen;SG;17;CH;;;;;;2748955.0;1255954.0;655.0;748955.0;255954.0;655.0;9.41341328922;47.43751366502;655.0;Bus;100684;885;VBSG;Verkehrsbetriebe der Stadt St.Gallen;http://lod.opentransportdata.swiss/didok/8589574;47.43751366500929,9.413413289220141;1;0;1;9016
89559;8589559;St. Gallen, Berneggstrasse;SGBS;St. Gallen;St. Gallen;3203;St. Gallen;1721;St. Gallen;SG;17;CH;;;;;;2746075.0;1253923.0;724.0;746075.0;253923.0;724.0;9.37458267074;47.41989794501;724.0;Bus;100684;885;VBSG;Verkehrsbetriebe der Stadt St.Gallen;http://lod.opentransportdata.swiss/didok/8589559;47.41989794499949,9.37458267074498;1;0;1;9000
2612;8502612;St. Gallen, Parkpl. Dreilinden;;St. Gallen;St. Gallen;3203;St. Gallen;1721;St. Gallen;SG;17;CH;;;;;;2747425.0;1254529.0;733.0;747425.0;254529.0;733.0;9.39266709342;47.42504567879;733.0;Bus;100684;885;VBSG;Verkehrsbetriebe der Stadt St.Gallen;http://lod.opentransportdata.swiss/didok/8502612;47.425045678780805,9.39266709341519;1;0;1;9011
89599;8589599;St. Gallen, Moosweiher;SGMW;St. Gallen;St. Gallen;3203;St. Gallen;1721;St. Gallen;SG;17;CH;;;;;;2743258.0;1252693.0;642.0;743258.0;252693.0;642.0;9.33686884142;47.40945758607;642.0;Bus;100684;885;VBSG;Verkehrsbetriebe der Stadt St.Gallen;http://lod.opentransportdata.swiss/didok/8589599;47.40945758605263,9.336868841423229;1;0;1;9014
89644;8589644;St. Gallen, Westcenter;;St. Gallen;St. Gallen;3203;St. Gallen;1721;St. Gallen;SG;17;CH;;;;;;2740899.0;1252219.0;649.0;740899.0;252219.0;649.0;9.3054733387;47.40570469966;649.0;Bus;100684;885;VBSG;Verkehrsbetriebe der Stadt St.Gallen;http://lod.opentransportdata.swiss/didok/8589644;47.40570469964847,9.305473338703216;1;0;1;9015
89638;8589638;St. Gallen, Untere Kräzern;;St. Gallen;St. Gallen;3203;St. Gallen;1721;St. Gallen;SG;17;CH;;;;;;2741987.0;1252352.0;612.0;741987.0;252352.0;612.0;9.31992558391;47.40666682812;612.0;Bus;100684;885;VBSG;Verkehrsbetriebe der Stadt St.Gallen;http://lod.opentransportdata.swiss/didok/8589638;47.40666682811114,9.319925583909447;1;0;1;9015
89551;8589551;St. Gallen, Ahorn;SGAN;St. Gallen;St. Gallen;3203;St. Gallen;1721;St. Gallen;SG;17;CH;;;;;;2744321.0;1253078.0;682.0;744321.0;253078.0;682.0;9.35107292216;47.41268711612;682.0;Bus;100684;885;VBSG;Verkehrsbetriebe der Stadt St.Gallen;http://lod.opentransportdata.swiss/didok/8589551;47.412687116109616,9.351072922158824;1;0;1;9000
89595;8589595;St. Gallen, Lachen;;St. Gallen;St. Gallen;3203;St. Gallen;1721;St. Gallen;SG;17;CH;;;;;;2744595.0;1253851.0;667.0;744595.0;253851.0;667.0;9.35495252361;47.41957737141;667.0;Bus;100684;885;VBSG;Verkehrsbetriebe der Stadt St.Gallen;http://lod.opentransportdata.swiss/didok/8589595;47.41957737139551,9.354952523607794;1;0;1;9000
89586;8589586;St. Gallen, Heimatstrasse;;St. Gallen;St. Gallen;3203;St. Gallen;1721;St. Gallen;SG;17;CH;;;;;;2747050.0;1255854.0;669.0;747050.0;255854.0;669.0;9.38813507401;47.43704305733;669.0;Bus;100684;885;VBSG;Verkehrsbetriebe der Stadt St.Gallen;http://lod.opentransportdata.swiss/didok/8589586;47.43704305731808,9.388135074006856;1;0;1;9008
50757;8550757;St. Gallen, Spisertor (Bus);;St. Gallen;St. Gallen;3203;St. Gallen;1721;St. Gallen;SG;17;CH;;;;;;2746438.0;1254478.0;667.0;746438.0;254478.0;667.0;9.37957356481;47.42480748248;667.0;Bus;100695;896;REGO;Regiobus Gossau SG;http://lod.opentransportdata.swiss/didok/8550757;47.42480748247209,9.379573564805975;1;0;1;9000
2516;8502516;St. Gallen, Telltreppe;;St. Gallen;St. Gallen;3203;St. Gallen;1721;St. Gallen;SG;17;CH;;;;;;2745691.0;1254682.0;729.0;745691.0;254682.0;729.0;9.3697430907;47.42680751613;729.0;Bus;100684;885;VBSG;Verkehrsbetriebe der Stadt St.Gallen;http://lod.opentransportdata.swiss/didok/8502516;47.42680751611556,9.369743090696552;1;0;1;9000
89643;8589643;St. Gallen, Waldgutstrasse;;St. Gallen;St. Gallen;3203;St. Gallen;1721;St. Gallen;SG;17;CH;;;;;;2746147.0;1255666.0;741.0;746147.0;255666.0;741.0;9.37610693079;47.43555388443;741.0;Bus;100684;885;VBSG;Verkehrsbetriebe der Stadt St.Gallen;http://lod.opentransportdata.swiss/didok/8589643;47.43555388441781,9.376106930788387;1;0;1;9010
89614;8589614;St. Gallen, Ruckhalde;SGRH;St. Gallen;St. Gallen;3203;St. Gallen;1721;St. Gallen;SG;17;CH;;;;;;2745004.0;1253377.0;682.0;745004.0;253377.0;682.0;9.36021700993;47.41522545582;682.0;Bus;100684;885;VBSG;Verkehrsbetriebe der Stadt St.Gallen;http://lod.opentransportdata.swiss/didok/8589614;47.41522545580553,9.360217009931079;1;0;1;9000
89580;8589580;St. Gallen, Guggeien;;St. Gallen;St. Gallen;3203;St. Gallen;1721;St. Gallen;SG;17;CH;;;;;;2748296.0;1256961.0;677.0;748296.0;256961.0;677.0;9.4050147774;47.44671669048;677.0;Bus;100684;885;VBSG;Verkehrsbetriebe der Stadt St.Gallen;http://lod.opentransportdata.swiss/didok/8589580;47.44671669046517,9.405014777395698;1;0;1;9016
89607;8589607;St. Gallen, Pelikanstrasse;;St. Gallen;St. Gallen;3203;St. Gallen;1721;St. Gallen;SG;17;CH;;;;;;2747282.0;1255911.0;659.0;747282.0;255911.0;659.0;9.39122833968;47.43750366859;659.0;Bus;100684;885;VBSG;Verkehrsbetriebe der Stadt St.Gallen;http://lod.opentransportdata.swiss/didok/8589607;47.43750366857784,9.391228339678555;1;0;1;9008
94347;8594347;St. Gallen, Kantonsschule;;St. Gallen;St. Gallen;3203;St. Gallen;1721;St. Gallen;SG;17;CH;;;;;;2746589.0;1254502.0;668.0;746589.0;254502.0;668.0;9.38158203753;47.42498965787;668.0;Bus;100684;885;VBSG;Verkehrsbetriebe der Stadt St.Gallen;http://lod.opentransportdata.swiss/didok/8594347;47.42498965785435,9.381582037527961;1;0;1;9000
89578;8589578;St. Gallen, Gröblistrasse;SGGR;St. Gallen;St. Gallen;3203;St. Gallen;1721;St. Gallen;SG;17;CH;;;;;;2743200.0;1252510.0;655.0;743200.0;252510.0;655.0;9.33604197241;47.40782475764;655.0;Bus;100684;885;VBSG;Verkehrsbetriebe der Stadt St.Gallen;http://lod.opentransportdata.swiss/didok/8589578;47.4078247576237,9.33604197240906;1;0;1;9014
2613;8502613;St. Gallen, Dreilinden;;St. Gallen;St. Gallen;3203;St. Gallen;1721;St. Gallen;SG;17;CH;;;;;;2747301.0;1254319.0;776.0;747301.0;254319.0;776.0;9.39095495916;47.42318526832;776.0;Bus;100684;885;VBSG;Verkehrsbetriebe der Stadt St.Gallen;http://lod.opentransportdata.swiss/didok/8502613;47.42318526831162,9.390954959160384;1;0;1;9011
6459;8506459;St. Gallen, Heiligkreuzstrasse;;St. Gallen;St. Gallen;3203;St. Gallen;1721;St. Gallen;SG;17;CH;;;;;;2747405.0;1256315.0;667.0;747405.0;256315.0;667.0;9.39299175784;47.44110859557;667.0;Bus;100602;801;PAG;PostAuto AG;http://lod.opentransportdata.swiss/didok/8506459;47.4411085955576,9.39299175783529;1;0;1;9008
74095;8574095;St. Gallen, Bahnhof;SGBH;St. Gallen;St. Gallen;3203;St. Gallen;1721;St. Gallen;SG;17;CH;;;;;;2745756.0;1254315.0;670.0;745756.0;254315.0;670.0;9.37048453699;47.42349328908;670.0;Bus;100602;801;PAG;PostAuto AG;http://lod.opentransportdata.swiss/didok/8574095;47.42349328906308,9.370484536992079;1;0;1;9000
89562;8589562;St. Gallen, Boppartshof;SGBP;St. Gallen;St. Gallen;3203;St. Gallen;1721;St. Gallen;SG;17;CH;;;;;;2743250.0;1251986.0;681.0;743250.0;251986.0;681.0;9.33653627474;47.40310232048;681.0;Bus;100684;885;VBSG;Verkehrsbetriebe der Stadt St.Gallen;http://lod.opentransportdata.swiss/didok/8589562;47.40310232047039,9.33653627473741;1;0;1;9014
89598;8589598;St. Gallen, Melonenstrasse;;St. Gallen;St. Gallen;3203;St. Gallen;1721;St. Gallen;SG;17;CH;;;;;;2745499.0;1253590.0;707.0;745499.0;253590.0;707.0;9.36684347107;47.41703139427;707.0;Bus;100684;885;VBSG;Verkehrsbetriebe der Stadt St.Gallen;http://lod.opentransportdata.swiss/didok/8589598;47.41703139426197,9.36684347107276;1;0;1;9000
89905;8589905;St. Gallen, Hafnerwaldstrasse;;St. Gallen;St. Gallen;3203;St. Gallen;1721;St. Gallen;SG;17;CH;;;;;;2745188.0;1252522.0;812.0;745188.0;252522.0;812.0;9.36237659562;47.40749721875;812.0;Bus;100684;885;VBSG;Verkehrsbetriebe der Stadt St.Gallen;http://lod.opentransportdata.swiss/didok/8589905;47.407497218739806,9.36237659562212;1;0;1;9012
74239;8574239;St. Gallen, Schützengarten;;St. Gallen;St. Gallen;3203;St. Gallen;1721;St. Gallen;SG;17;CH;;;;;;2746386.0;1255019.0;660.0;746386.0;255019.0;660.0;9.37906195336;47.42968336738;660.0;Bus;100602;801;PAG;PostAuto AG;http://lod.opentransportdata.swiss/didok/8574239;47.42968336736442,9.379061953361932;1;0;1;9000
6703;8506703;St. Gallen, Sonnrainweg;;St. Gallen;St. Gallen;3203;St. Gallen;1721;St. Gallen;SG;17;CH;;;;;;2747760.0;1257152.0;658.0;747760.0;257152.0;658.0;9.3979736834;47.44855462678;658.0;Bus;100602;801;PAG;PostAuto AG;http://lod.opentransportdata.swiss/didok/8506703;47.44855462676855,9.39797368339834;1;0;1;9008
74462;8574462;St. Gallen, Favrestrasse;;St. Gallen;St. Gallen;3203;St. Gallen;1721;St. Gallen;SG;17;CH;;;;;;2749058.0;1255920.0;660.0;749058.0;255920.0;660.0;9.41476689239;47.4371846374;660.0;Bus;100602;801;PAG;PostAuto AG;http://lod.opentransportdata.swiss/didok/8574462;47.43718463738622,9.414766892387174;1;0;1;9016
80687;8580687;St. Gallen, Obere Waid;;St. Gallen;St. Gallen;3203;St. Gallen;1721;St. Gallen;SG;17;CH;;;;;;2749440.0;1257380.0;638.0;749440.0;257380.0;638.0;9.42031798427;47.45022510144;638.0;Bus;100602;801;PAG;PostAuto AG;http://lod.opentransportdata.swiss/didok/8580687;47.450225101428344,9.420317984265512;1;0;1;9016
88500;8588500;St. Gallen, Russen;SGRU;St. Gallen;St. Gallen;3203;St. Gallen;1721;St. Gallen;SG;17;CH;;;;;;2741655.0;1252438.0;650.0;741655.0;252438.0;650.0;9.31555558979;47.4075116243;650.0;Bus;100695;896;REGO;Regiobus Gossau SG;http://lod.opentransportdata.swiss/didok/8588500;47.40751162428399,9.315555589786438;1;0;1;9015
10129;8510129;St. Gallen, Schülerhaus;;St. Gallen;St. Gallen;3203;St. Gallen;1721;St. Gallen;SG;17;CH;;;;;;2747035.67517;1254509.56462;696.0;747035.67517;254509.56462;696.0;9.38750251688;47.42495801829;696.0;Bus;100546;744;AB Auto;Automobildienst Appenzeller Bahnen;http://lod.opentransportdata.swiss/didok/8510129;47.42495802825499,9.387502525987165;1;0;1;9000
10126;8510126;Schwarzer Bären, Bahnhof;;St. Gallen;St. Gallen;3203;St. Gallen;1721;St. Gallen;SG;17;CH;;;;;;2749176.86568;1254215.03546;853.0;749176.86568;254215.03546;853.0;9.41577249887;47.42182796159;853.0;Bus;100546;744;AB Auto;Automobildienst Appenzeller Bahnen;http://lod.opentransportdata.swiss/didok/8510126;47.42182797149184,9.415772508048999;1;0;1;9011
10128;8510128;St. Gallen, Birnbäumen;;St. Gallen;St. Gallen;3203;St. Gallen;1721;St. Gallen;SG;17;CH;;;;;;2747459.43186;1254618.79624;725.0;747459.43186;254618.79624;725.0;9.39315292002;47.42584534032;725.0;Bus;100546;744;AB Auto;Automobildienst Appenzeller Bahnen;http://lod.opentransportdata.swiss/didok/8510128;47.42584535021357,9.393152929136383;1;0;1;9011
89609;8589609;St. Gallen, Poststrasse;;St. Gallen;St. Gallen;3203;St. Gallen;1721;St. Gallen;SG;17;CH;;;;;;2746001.0;1254483.0;671.0;746001.0;254483.0;671.0;9.37378538221;47.42494953256;671.0;Bus;100684;885;VBSG;Verkehrsbetriebe der Stadt St.Gallen;http://lod.opentransportdata.swiss/didok/8589609;47.42494953254699,9.373785382211713;1;0;1;9000
89554;8589554;St. Gallen, Bach St. Georgen;SGBA;St. Gallen;St. Gallen;3203;St. Gallen;1721;St. Gallen;SG;17;CH;;;;;;2747797.0;1253384.0;663.0;747797.0;253384.0;663.0;9.39721687421;47.41466718905;663.0;Bus;100684;885;VBSG;Verkehrsbetriebe der Stadt St.Gallen;http://lod.opentransportdata.swiss/didok/8589554;47.41466718904236,9.397216874212903;1;0;1;9011
89617;8589617;St. Gallen, Saturn;;St. Gallen;St. Gallen;3203;St. Gallen;1721;St. Gallen;SG;17;CH;;;;;;2748158.0;1256091.0;660.0;748158.0;256091.0;660.0;9.40289687554;47.43892541741;660.0;Bus;100684;885;VBSG;Verkehrsbetriebe der Stadt St.Gallen;http://lod.opentransportdata.swiss/didok/8589617;47.43892541739376,9.40289687553555;1;0;1;9016
89592;8589592;St. Gallen,Klinik Stephanshorn;;St. Gallen;St. Gallen;3203;St. Gallen;1721;St. Gallen;SG;17;CH;;;;;;2748732.0;1256636.0;671.0;748732.0;256636.0;671.0;9.41068534249;47.44369611945;671.0;Bus;100684;885;VBSG;Verkehrsbetriebe der Stadt St.Gallen;http://lod.opentransportdata.swiss/didok/8589592;47.443696119433405,9.410685342487005;1;0;1;9016
89901;8589901;St. Gallen, Hinterbergstrasse;;St. Gallen;St. Gallen;3203;St. Gallen;1721;St. Gallen;SG;17;CH;;;;;;2742597.0;1252212.0;661.0;742597.0;252212.0;661.0;9.32796017489;47.40527616716;661.0;Bus;100684;885;VBSG;Verkehrsbetriebe der Stadt St.Gallen;http://lod.opentransportdata.swiss/didok/8589901;47.40527616714521,9.327960174893365;1;0;1;9014
94349;8594349;St. Gallen, Spitalstrasse;;St. Gallen;St. Gallen;3203;St. Gallen;1721;St. Gallen;SG;17;CH;;;;;;2747148.0;1255328.0;659.0;747148.0;255328.0;659.0;9.38926040379;47.4322917285;659.0;Bus;100684;885;VBSG;Verkehrsbetriebe der Stadt St.Gallen;http://lod.opentransportdata.swiss/didok/8594349;47.432291728492274,9.389260403785912;1;0;1;9000
2513;8502513;St. Gallen, Rosenheimstrasse;;St. Gallen;St. Gallen;3203;St. Gallen;1721;St. Gallen;SG;17;CH;;;;;;2746882.0;1255526.0;664.0;746882.0;255526.0;664.0;9.38580082268;47.43413143712;664.0;Bus;100684;885;VBSG;Verkehrsbetriebe der Stadt St.Gallen;http://lod.opentransportdata.swiss/didok/8502513;47.434131437103304,9.385800822679993;1;0;1;9008
89590;8589590;St. Gallen, Industriestrasse;;St. Gallen;St. Gallen;3203;St. Gallen;1721;St. Gallen;SG;17;CH;;;;;;2740625.0;1252108.0;652.0;740625.0;252108.0;652.0;9.30180940786;47.40476521353;652.0;Bus;100684;885;VBSG;Verkehrsbetriebe der Stadt St.Gallen;http://lod.opentransportdata.swiss/didok/8589590;47.40476521351859,9.301809407864052;1;0;1;9015
89566;8589566;St. Gallen, Bruggen;;St. Gallen;St. Gallen;3203;St. Gallen;1721;St. Gallen;SG;17;CH;;;;;;2742885.0;1252791.0;639.0;742885.0;252791.0;639.0;9.3319596558;47.41041982122;639.0;Bus;100684;885;VBSG;Verkehrsbetriebe der Stadt St.Gallen;http://lod.opentransportdata.swiss/didok/8589566;47.41041982121146,9.331959655795734;1;0;1;9014
6653;8506653;St. Gallen, Langgass;;St. Gallen;St. Gallen;3203;St. Gallen;1721;St. Gallen;SG;17;CH;;;;;;2746796.0;1255561.0;668.0;746796.0;255561.0;668.0;9.38467272011;47.4344653247;668.0;Bus;100602;801;PAG;PostAuto AG;http://lod.opentransportdata.swiss/didok/8506653;47.434465324688084,9.38467272010706;1;0;1;9008
74460;8574460;St. Gallen, Unterschachen;;St. Gallen;St. Gallen;3203;St. Gallen;1721;St. Gallen;SG;17;CH;;;;;;2749749.0;1256484.0;638.0;749749.0;256484.0;638.0;9.42411315186;47.44209875344;638.0;Bus;100602;801;PAG;PostAuto AG;http://lod.opentransportdata.swiss/didok/8574460;47.44209875342613,9.424113151864319;1;0;1;9016
74258;8574258;St. Gallen, Riethüsli;;St. Gallen;St. Gallen;3203;St. Gallen;1721;St. Gallen;SG;17;CH;;;;;;2745480.0;1253005.0;750.0;745480.0;253005.0;750.0;9.36640129678;47.41177561613;750.0;Bus;100602;801;PAG;PostAuto AG;http://lod.opentransportdata.swiss/didok/8574258;47.41177561611379,9.366401296777969;1;0;1;9012
74226;8574226;St. Gallen, Spisegg;;St. Gallen;St. Gallen;3203;St. Gallen;1721;St. Gallen;SG;17;CH;;;;;;2743456.0;1254328.0;571.0;743456.0;254328.0;571.0;9.34001642015;47.42411554399;571.0;Bus;100602;801;PAG;PostAuto AG;http://lod.opentransportdata.swiss/didok/8574226;47.42411554397925,9.340016420145664;1;0;1;9000
74224;8574224;St. Gallen, Stahl;;St. Gallen;St. Gallen;3203;St. Gallen;1721;St. Gallen;SG;17;CH;;;;;;2744713.0;1254078.0;679.0;744713.0;254078.0;679.0;9.3565893014;47.42159249095;679.0;Bus;100602;801;PAG;PostAuto AG;http://lod.opentransportdata.swiss/didok/8574224;47.42159249093545,9.356589301398332;1;0;1;9000
74471;8574471;St. Gallen, Marktplatz Bohl;;St. Gallen;St. Gallen;3203;St. Gallen;1721;St. Gallen;SG;17;CH;;;;;;2746214.0;1254657.0;669.0;746214.0;254657.0;669.0;9.37666439179;47.42646673967;669.0;Bus;100602;801;PAG;PostAuto AG;http://lod.opentransportdata.swiss/didok/8574471;47.42646673965632,9.376664391795009;1;0;1;9000
74469;8574469;St. Gallen, Theater;;St. Gallen;St. Gallen;3203;St. Gallen;1721;St. Gallen;SG;17;CH;;;;;;2746540.0;1254657.0;662.0;746540.0;254657.0;662.0;9.38098369369;47.42639422838;662.0;Bus;100602;801;PAG;PostAuto AG;http://lod.opentransportdata.swiss/didok/8574469;47.426394228364586,9.380983693694553;1;0;1;9000
74468;8574468;St. Gallen, Schaugenhof;;St. Gallen;St. Gallen;3203;St. Gallen;1721;St. Gallen;SG;17;CH;;;;;;2749789.0;1255471.0;722.0;749789.0;255471.0;722.0;9.42430336822;47.4329815814;722.0;Bus;100602;801;PAG;PostAuto AG;http://lod.opentransportdata.swiss/didok/8574468;47.43298158138384,9.424303368216636;1;0;1;9016
74465;8574465;St. Gallen, Grossacker;;St. Gallen;St. Gallen;3203;St. Gallen;1721;St. Gallen;SG;17;CH;;;;;;2747640.0;1255248.0;673.0;747640.0;255248.0;673.0;9.39575333491;47.43146221934;673.0;Bus;100602;801;PAG;PostAuto AG;http://lod.opentransportdata.swiss/didok/8574465;47.431462219328786,9.395753334906788;1;0;1;9000
89594;8589594;St. Gallen, Krontal;;St. Gallen;St. Gallen;3203;St. Gallen;1721;St. Gallen;SG;17;CH;;;;;;2747898.0;1255432.0;671.0;747898.0;255432.0;671.0;9.39923292765;47.43305867545;671.0;Bus;100684;885;VBSG;Verkehrsbetriebe der Stadt St.Gallen;http://lod.opentransportdata.swiss/didok/8589594;47.43305867543693,9.399232927654348;1;0;1;9000
89896;8589896;St. Gallen, Biderstrasse;;St. Gallen;St. Gallen;3203;St. Gallen;1721;St. Gallen;SG;17;CH;;;;;;2740710.0;1252067.0;652.0;740710.0;252067.0;652.0;9.30292226735;47.40437839577;652.0;Bus;100684;885;VBSG;Verkehrsbetriebe der Stadt St.Gallen;http://lod.opentransportdata.swiss/didok/8589896;47.404378395759316,9.302922267351503;1;0;1;9015
89552;8589552;St. Gallen, Altenwegen;SGAW;St. Gallen;St. Gallen;3203;St. Gallen;1721;St. Gallen;SG;17;CH;;;;;;2741486.0;1252720.0;652.0;741486.0;252720.0;652.0;9.31340647271;47.41008359256;652.0;Bus;100684;885;VBSG;Verkehrsbetriebe der Stadt St.Gallen;http://lod.opentransportdata.swiss/didok/8589552;47.41008359254578,9.313406472714943;1;0;1;9015
89622;8589622;St. Gallen, Schönenwegen;;St. Gallen;St. Gallen;3203;St. Gallen;1721;St. Gallen;SG;17;CH;;;;;;2744009.0;1253450.0;645.0;744009.0;253450.0;645.0;9.34706003777;47.41610027388;645.0;Bus;100684;885;VBSG;Verkehrsbetriebe der Stadt St.Gallen;http://lod.opentransportdata.swiss/didok/8589622;47.41610027386351,9.347060037774895;1;0;1;9000
89630;8589630;St. Gallen, Steingrüebli;SGSE;St. Gallen;St. Gallen;3203;St. Gallen;1721;St. Gallen;SG;17;CH;;;;;;2747496.0;1253400.0;794.0;747496.0;253400.0;794.0;9.39323498876;47.41487856717;794.0;Bus;100684;885;VBSG;Verkehrsbetriebe der Stadt St.Gallen;http://lod.opentransportdata.swiss/didok/8589630;47.414878567153984,9.393234988761403;1;0;1;9011
89597;8589597;St. Gallen, Lindenstrasse;;St. Gallen;St. Gallen;3203;St. Gallen;1721;St. Gallen;SG;17;CH;;;;;;2748268.0;1256008.0;653.0;748268.0;256008.0;653.0;9.40432707063;47.43815436505;653.0;Bus;100684;885;VBSG;Verkehrsbetriebe der Stadt St.Gallen;http://lod.opentransportdata.swiss/didok/8589597;47.43815436503337,9.404327070628893;1;0;1;9016
94353;8594353;St. Gallen, Bruggwald;;St. Gallen;St. Gallen;3203;St. Gallen;1721;St. Gallen;SG;17;CH;;;;;;2747629.0;1257074.0;682.0;747629.0;257074.0;682.0;9.39621149536;47.44788272319;682.0;Bus;100684;885;VBSG;Verkehrsbetriebe der Stadt St.Gallen;http://lod.opentransportdata.swiss/didok/8594353;47.447882723177756,9.396211495362852;1;0;1;9008
89635;8589635;St. Gallen, Tigerberg;;St. Gallen;St. Gallen;3203;St. Gallen;1721;St. Gallen;SG;17;CH;;;;;;2745881.0;1254835.0;723.0;745881.0;254835.0;723.0;9.37231047794;47.42814110357;723.0;Bus;100684;885;VBSG;Verkehrsbetriebe der Stadt St.Gallen;http://lod.opentransportdata.swiss/didok/8589635;47.42814110356057,9.372310477940594;1;0;1;9000
94348;8594348;St. Gallen, Athletik Zentrum;;St. Gallen;St. Gallen;3203;St. Gallen;1721;St. Gallen;SG;17;CH;;;;;;2746788.0;1254979.0;655.0;746788.0;254979.0;655.0;9.38437537646;47.42923416512;655.0;Bus;100684;885;VBSG;Verkehrsbetriebe der Stadt St.Gallen;http://lod.opentransportdata.swiss/didok/8594348;47.42923416510793,9.384375376455965;1;0;1;9000
95613;8595613;St. Gallen, Karlstor;;St. Gallen;St. Gallen;3203;St. Gallen;1721;St. Gallen;SG;17;CH;;;;;;2746423.0;1254337.0;700.0;746423.0;254337.0;700.0;9.3793286049;47.42354303962;700.0;Bus;100684;885;VBSG;Verkehrsbetriebe der Stadt St.Gallen;http://lod.opentransportdata.swiss/didok/8595613;47.42354303960676,9.379328604899545;1;0;1;9000
89621;8589621;St. Gallen, Schlössli;SGSI;St. Gallen;St. Gallen;3203;St. Gallen;1721;St. Gallen;SG;17;CH;;;;;;2743425.0;1252087.0;680.0;743425.0;252087.0;680.0;9.33888633978;47.40397236474;680.0;Bus;100684;885;VBSG;Verkehrsbetriebe der Stadt St.Gallen;http://lod.opentransportdata.swiss/didok/8589621;47.4039723647288,9.338886339779028;1;0;1;9014
88499;8588499;Gossau SG, Schoretshuebstr.;;St. Gallen;St. Gallen;3203;St. Gallen;1721;St. Gallen;SG;17;CH;;;;;;2740020.0;1252410.0;650.0;740020.0;252410.0;650.0;9.29389118787;47.40760963787;650.0;Bus;100695;896;REGO;Regiobus Gossau SG;http://lod.opentransportdata.swiss/didok/8588499;47.407609637854264,9.293891187874811;1;0;1;9015
94356;8594356;St. Gallen, Moos;;St. Gallen;St. Gallen;3203;St. Gallen;1721;St. Gallen;SG;17;CH;;;;;;2743514.0;1252902.0;638.0;743514.0;252902.0;638.0;9.34032676695;47.41128104987;638.0;Bus;100684;885;VBSG;Verkehrsbetriebe der Stadt St.Gallen;http://lod.opentransportdata.swiss/didok/8594356;47.4112810498605,9.340326766949033;1;0;1;9014
89613;8589613;St. Gallen, Rotmonten;;St. Gallen;St. Gallen;3203;St. Gallen;1721;St. Gallen;SG;17;CH;;;;;;2746212.0;1255843.0;742.0;746212.0;255843.0;742.0;9.37702625968;47.43713090762;742.0;Bus;100684;885;VBSG;Verkehrsbetriebe der Stadt St.Gallen;http://lod.opentransportdata.swiss/didok/8589613;47.43713090760817,9.377026259675514;1;0;1;9010
95351;8595351;St. Gallen, Platztor;;St. Gallen;St. Gallen;3203;St. Gallen;1721;St. Gallen;SG;17;CH;;;;;;2746281.0;1254898.0;666.0;746281.0;254898.0;666.0;9.37763104429;47.4286187645;666.0;Bus;100684;885;VBSG;Verkehrsbetriebe der Stadt St.Gallen;http://lod.opentransportdata.swiss/didok/8595351;47.428618764487474,9.377631044286362;1;0;1;9000
89637;8589637;St. Gallen, Uni/Dufourstrasse;;St. Gallen;St. Gallen;3203;St. Gallen;1721;St. Gallen;SG;17;CH;;;;;;2746299.0;1255368.0;715.0;746299.0;255368.0;715.0;9.37802353447;47.43284069057;715.0;Bus;100684;885;VBSG;Verkehrsbetriebe der Stadt St.Gallen;http://lod.opentransportdata.swiss/didok/8589637;47.4328406905613,9.378023534469351;1;0;1;9000
89585;8589585;St. Gallen, Heiligkreuz;;St. Gallen;St. Gallen;3203;St. Gallen;1721;St. Gallen;SG;17;CH;;;;;;2747541.0;1256457.0;668.0;747541.0;256457.0;668.0;9.3948411027;47.44235486871;668.0;Bus;100684;885;VBSG;Verkehrsbetriebe der Stadt St.Gallen;http://lod.opentransportdata.swiss/didok/8589585;47.44235486869732,9.394841102701363;1;0;1;9008
94268;8594268;St. Gallen, Rosenbüchel;;St. Gallen;St. Gallen;3203;St. Gallen;1721;St. Gallen;SG;17;CH;;;;;;2743721.0;1252589.0;704.0;743721.0;252589.0;704.0;9.34296797697;47.40842155063;704.0;Bus;100684;885;VBSG;Verkehrsbetriebe der Stadt St.Gallen;http://lod.opentransportdata.swiss/didok/8594268;47.40842155062228,9.342967976974915;1;0;1;9014
89567;8589567;St. Gallen, Bruggwiesen;;St. Gallen;St. Gallen;3203;St. Gallen;1721;St. Gallen;SG;17;CH;;;;;;2748127.0;1255215.0;691.0;748127.0;255215.0;691.0;9.40219540343;47.43105606021;691.0;Bus;100684;885;VBSG;Verkehrsbetriebe der Stadt St.Gallen;http://lod.opentransportdata.swiss/didok/8589567;47.43105606020174,9.402195403427896;1;0;1;9000
89561;8589561;St. Gallen, Blumenwies;;St. Gallen;St. Gallen;3203;St. Gallen;1721;St. Gallen;SG;17;CH;;;;;;2748582.0;1255847.0;659.0;748582.0;255847.0;659.0;9.40843466999;47.4366359423;659.0;Bus;100684;885;VBSG;Verkehrsbetriebe der Stadt St.Gallen;http://lod.opentransportdata.swiss/didok/8589561;47.436635942286976,9.408434669994444;1;0;1;9016
89898;8589898;St. Gallen, Bernhardswies;STBW;St. Gallen;St. Gallen;3203;St. Gallen;1721;St. Gallen;SG;17;CH;;;;;;2743626.0;1252659.0;684.0;743626.0;252659.0;684.0;9.34173219285;47.40907168898;684.0;Bus;100684;885;VBSG;Verkehrsbetriebe der Stadt St.Gallen;http://lod.opentransportdata.swiss/didok/8589898;47.40907168896683,9.341732192846392;1;0;1;9014
89897;8589897;St. Gallen, Hechtacker;SGHE;St. Gallen;St. Gallen;3203;St. Gallen;1721;St. Gallen;SG;17;CH;;;;;;2743903.0;1252845.0;692.0;743903.0;252845.0;692.0;9.34546101209;47.41068361292;692.0;Bus;100684;885;VBSG;Verkehrsbetriebe der Stadt St.Gallen;http://lod.opentransportdata.swiss/didok/8589897;47.410683612909,9.345461012092002;1;0;1;9014
89632;8589632;St. Gallen, Stocken;;St. Gallen;St. Gallen;3203;St. Gallen;1721;St. Gallen;SG;17;CH;;;;;;2742388.0;1252417.0;632.0;742388.0;252417.0;632.0;9.3252574156;47.40716467129;632.0;Bus;100684;885;VBSG;Verkehrsbetriebe der Stadt St.Gallen;http://lod.opentransportdata.swiss/didok/8589632;47.40716467127554,9.32525741560146;1;0;1;9014
89629;8589629;St. Gallen, St. Fiden Zentrum;;St. Gallen;St. Gallen;3203;St. Gallen;1721;St. Gallen;SG;17;CH;;;;;;2747328.0;1255143.0;671.0;747328.0;255143.0;671.0;9.39158450572;47.43058806225;671.0;Bus;100684;885;VBSG;Verkehrsbetriebe der Stadt St.Gallen;http://lod.opentransportdata.swiss/didok/8589629;47.43058806224022,9.391584505721251;1;0;1;9000
89620;8589620;St. Gallen, Schibenertor;;St. Gallen;St. Gallen;3203;St. Gallen;1721;St. Gallen;SG;17;CH;;;;;;2745972.0;1254587.0;670.0;745972.0;254587.0;670.0;9.37343515153;47.42589106738;670.0;Bus;100684;885;VBSG;Verkehrsbetriebe der Stadt St.Gallen;http://lod.opentransportdata.swiss/didok/8589620;47.42589106736323,9.373435151534828;1;0;1;9000
10127;8510127;St. Gallen, Notkersegg;;St. Gallen;St. Gallen;3203;St. Gallen;1721;St. Gallen;SG;17;CH;;;;;;2748197.26103;1254558.82086;780.0;748197.26103;254558.82086;780.0;9.40290862401;47.42514034596;780.0;Bus;100546;744;AB Auto;Automobildienst Appenzeller Bahnen;http://lod.opentransportdata.swiss/didok/8510127;47.4251403558511,9.402908633143614;1;0;1;9011
89639;8589639;St. Gallen, Vogelherd;;St. Gallen;St. Gallen;3203;St. Gallen;1721;St. Gallen;SG;17;CH;;;;;;2749097.0;1255564.0;693.0;749097.0;255564.0;693.0;9.4151648237;47.43397492888;693.0;Bus;100684;885;VBSG;Verkehrsbetriebe der Stadt St.Gallen;http://lod.opentransportdata.swiss/didok/8589639;47.43397492886686,9.41516482369691;1;0;1;9016
89604;8589604;St. Gallen, Oberstrasse;SGOS;St. Gallen;St. Gallen;3203;St. Gallen;1721;St. Gallen;SG;17;CH;;;;;;2745716.0;1253822.0;693.0;745716.0;253822.0;693.0;9.36979376325;47.41906939355;693.0;Bus;100684;885;VBSG;Verkehrsbetriebe der Stadt St.Gallen;http://lod.opentransportdata.swiss/didok/8589604;47.419069393534286,9.369793763251064;1;0;1;9000
89570;8589570;St. Gallen, Etzelbünt;SGET;St. Gallen;St. Gallen;3203;St. Gallen;1721;St. Gallen;SG;17;CH;;;;;;2747006.0;1253443.0;773.0;747006.0;253443.0;773.0;9.38675836023;47.41537481233;773.0;Bus;100684;885;VBSG;Verkehrsbetriebe der Stadt St.Gallen;http://lod.opentransportdata.swiss/didok/8589570;47.41537481231318,9.38675836022515;1;0;1;9011
89648;8589648;St. Gallen, Wolfganghof;SGWH;St. Gallen;St. Gallen;3203;St. Gallen;1721;St. Gallen;SG;17;CH;;;;;;2742946.0;1251871.0;678.0;742946.0;251871.0;678.0;9.33247338984;47.40213436691;678.0;Bus;100684;885;VBSG;Verkehrsbetriebe der Stadt St.Gallen;http://lod.opentransportdata.swiss/didok/8589648;47.40213436689655,9.33247338984405;1;0;1;9014
89890;8589890;St. Gallen, Im Feld;;St. Gallen;St. Gallen;3203;St. Gallen;1721;St. Gallen;SG;17;CH;;;;;;2740457.0;1252310.0;654.0;740457.0;252310.0;654.0;9.29964784073;47.40661738513;654.0;Bus;100695;896;REGO;Regiobus Gossau SG;http://lod.opentransportdata.swiss/didok/8589890;47.40661738511966,9.299647840732074;1;0;1;9015
89634;8589634;St. Gallen, Talstrasse;;St. Gallen;St. Gallen;3203;St. Gallen;1721;St. Gallen;SG;17;CH;;;;;;2747787.0;1255730.0;649.0;747787.0;255730.0;649.0;9.39786071494;47.43576301289;649.0;Bus;100684;885;VBSG;Verkehrsbetriebe der Stadt St.Gallen;http://lod.opentransportdata.swiss/didok/8589634;47.435763012877494,9.397860714939608;1;0;1;9000
89606;8589606;St. Gallen, Ostfriedhof;;St. Gallen;St. Gallen;3203;St. Gallen;1721;St. Gallen;SG;17;CH;;;;;;2748153.0;1256374.0;667.0;748153.0;256374.0;667.0;9.40292454488;47.44147106302;667.0;Bus;100684;885;VBSG;Verkehrsbetriebe der Stadt St.Gallen;http://lod.opentransportdata.swiss/didok/8589606;47.44147106300851,9.402924544881845;1;0;1;9016
89589;8589589;St. Gallen, Iddastrasse;;St. Gallen;St. Gallen;3203;St. Gallen;1721;St. Gallen;SG;17;CH;;;;;;2747275.0;1256285.0;678.0;747275.0;256285.0;678.0;9.39125896982;47.44086797136;678.0;Bus;100684;885;VBSG;Verkehrsbetriebe der Stadt St.Gallen;http://lod.opentransportdata.swiss/didok/8589589;47.44086797135031,9.391258969821823;1;0;1;9008
89902;8589902;St. Gallen, Hinterberg;;St. Gallen;St. Gallen;3203;St. Gallen;1721;St. Gallen;SG;17;CH;;;;;;2742471.0;1252068.0;667.0;742471.0;252068.0;667.0;9.32624548708;47.40400866214;667.0;Bus;100684;885;VBSG;Verkehrsbetriebe der Stadt St.Gallen;http://lod.opentransportdata.swiss/didok/8589902;47.40400866213104,9.326245487079307;1;0;1;9014
89904;8589904;St. Gallen, Fähnernstrasse;;St. Gallen;St. Gallen;3203;St. Gallen;1721;St. Gallen;SG;17;CH;;;;;;2745179.0;1252969.0;765.0;745179.0;252969.0;765.0;9.36240261056;47.41151837775;765.0;Bus;100684;885;VBSG;Verkehrsbetriebe der Stadt St.Gallen;http://lod.opentransportdata.swiss/didok/8589904;47.41151837773425,9.36240261056103;1;0;1;9000
80688;8580688;St. Gallen, Remishueb / Klinik;;St. Gallen;St. Gallen;3203;St. Gallen;1721;St. Gallen;SG;17;CH;;;;;;2749030.0;1256620.0;654.0;749030.0;256620.0;654.0;9.41462955469;47.4434848212;654.0;Bus;100602;801;PAG;PostAuto AG;http://lod.opentransportdata.swiss/didok/8580688;47.443484821185265,9.414629554691876;1;0;1;9016
2514;8502514;St. Gallen, Hodlerstrasse;;St. Gallen;St. Gallen;3203;St. Gallen;1721;St. Gallen;SG;17;CH;;;;;;2747556.0;1255876.0;648.0;747556.0;255876.0;648.0;9.39484784128;47.43712758256;648.0;Bus;100684;885;VBSG;Verkehrsbetriebe der Stadt St.Gallen;http://lod.opentransportdata.swiss/didok/8502514;47.43712758254953,9.394847841282276;1;0;1;9008
89583;8589583;St. Gallen, Halden;;St. Gallen;St. Gallen;3203;St. Gallen;1721;St. Gallen;SG;17;CH;;;;;;2748780.0;1255469.0;685.0;748780.0;255469.0;685.0;9.41093255676;47.43319251569;685.0;Bus;100684;885;VBSG;Verkehrsbetriebe der Stadt St.Gallen;http://lod.opentransportdata.swiss/didok/8589583;47.43319251568006,9.410932556755755;1;0;1;9016
89571;8589571;St. Gallen, Flurhof;;St. Gallen;St. Gallen;3203;St. Gallen;1721;St. Gallen;SG;17;CH;;;;;;2747546.0;1254921.0;685.0;747546.0;254921.0;685.0;9.39439973132;47.42854315141;685.0;Bus;100684;885;VBSG;Verkehrsbetriebe der Stadt St.Gallen;http://lod.opentransportdata.swiss/didok/8589571;47.42854315140253,9.394399731321768;1;0;1;9000
94345;8594345;St. Gallen, Einstein;;St. Gallen;St. Gallen;3203;St. Gallen;1721;St. Gallen;SG;17;CH;;;;;;2746018.0;1254135.0;679.0;746018.0;254135.0;679.0;9.37389684751;47.42181676482;679.0;Bus;100684;885;VBSG;Verkehrsbetriebe der Stadt St.Gallen;http://lod.opentransportdata.swiss/didok/8594345;47.4218167648101,9.373896847510766;1;0;1;9000
89555;8589555;St. Gallen, Bachstrasse;;St. Gallen;St. Gallen;3203;St. Gallen;1721;St. Gallen;SG;17;CH;;;;;;2747407.0;1255704.0;647.0;747407.0;255704.0;647.0;9.39281650048;47.43561448158;647.0;Bus;100684;885;VBSG;Verkehrsbetriebe der Stadt St.Gallen;http://lod.opentransportdata.swiss/didok/8589555;47.43561448157223,9.392816500480729;1;0;1;9008
89600;8589600;St. Gallen, Mövenstrasse;;St. Gallen;St. Gallen;3203;St. Gallen;1721;St. Gallen;SG;17;CH;;;;;;2741191.0;1252125.0;641.0;741191.0;252125.0;641.0;9.309311045;47.40479693115;641.0;Bus;100684;885;VBSG;Verkehrsbetriebe der Stadt St.Gallen;http://lod.opentransportdata.swiss/didok/8589600;47.40479693114107,9.309311045000875;1;0;1;9015
89579;8589579;St. Gallen, Grütlistrasse;;St. Gallen;St. Gallen;3203;St. Gallen;1721;St. Gallen;SG;17;CH;;;;;;2748172.0;1255698.0;665.0;748172.0;255698.0;665.0;9.40295196562;47.43538870565;665.0;Bus;100684;885;VBSG;Verkehrsbetriebe der Stadt St.Gallen;http://lod.opentransportdata.swiss/didok/8589579;47.43538870563533,9.402951965617856;1;0;1;9016
89631;8589631;St. Gallen, Stephanshorn;;St. Gallen;St. Gallen;3203;St. Gallen;1721;St. Gallen;SG;17;CH;;;;;;2748546.0;1256693.0;676.0;748546.0;256693.0;676.0;9.4082391509;47.44425064287;676.0;Bus;100684;885;VBSG;Verkehrsbetriebe der Stadt St.Gallen;http://lod.opentransportdata.swiss/didok/8589631;47.44425064285741,9.408239150901768;1;0;1;9016
89628;8589628;St. Gallen, Sporthalle;;St. Gallen;St. Gallen;3203;St. Gallen;1721;St. Gallen;SG;17;CH;;;;;;2745168.0;1253872.0;677.0;745168.0;253872.0;677.0;9.36255031146;47.41964005901;677.0;Bus;100684;885;VBSG;Verkehrsbetriebe der Stadt St.Gallen;http://lod.opentransportdata.swiss/didok/8589628;47.41964005899421,9.362550311457534;1;0;1;9000
89588;8589588;St. Gallen, Hüttenwies;;St. Gallen;St. Gallen;3203;St. Gallen;1721;St. Gallen;SG;17;CH;;;;;;2748212.0;1256701.0;673.0;748212.0;256701.0;673.0;9.40381506374;47.44439790477;673.0;Bus;100684;885;VBSG;Verkehrsbetriebe der Stadt St.Gallen;http://lod.opentransportdata.swiss/didok/8589588;47.44439790475656,9.403815063740918;1;0;1;9016
89587;8589587;St. Gallen, Hölzli;;St. Gallen;St. Gallen;3203;St. Gallen;1721;St. Gallen;SG;17;CH;;;;;;2745320.0;1254805.0;704.0;745320.0;254805.0;704.0;9.36486753467;47.42799548581;704.0;Bus;100684;885;VBSG;Verkehrsbetriebe der Stadt St.Gallen;http://lod.opentransportdata.swiss/didok/8589587;47.427995485801894,9.364867534668871;1;0;1;9000
89624;8589624;St. Gallen, Seeblick;;St. Gallen;St. Gallen;3203;St. Gallen;1721;St. Gallen;SG;17;CH;;;;;;2746262.0;1256157.0;748.0;746262.0;256157.0;748.0;9.37779174627;47.43994306693;748.0;Bus;100684;885;VBSG;Verkehrsbetriebe der Stadt St.Gallen;http://lod.opentransportdata.swiss/didok/8589624;47.43994306691554,9.377791746273482;1;0;1;9010
94387;8594387;St. Gallen, Kirche Bruggen;SGKB;St. Gallen;St. Gallen;3203;St. Gallen;1721;St. Gallen;SG;17;CH;;;;;;2742853.0;1252648.0;640.0;742853.0;252648.0;640.0;9.33149008388;47.40914097785;640.0;Bus;100684;885;VBSG;Verkehrsbetriebe der Stadt St.Gallen;http://lod.opentransportdata.swiss/didok/8594387;47.40914097783477,9.331490083883226;1;0;1;9014
